region,distrito,n_constituyentes,comuna,circunscripcion
DE VALPARAISO,DISTRITO 7,7,ALGARROBO,ALGARROBO
METROPOLITANA DE SANTIAGO,DISTRITO 14,5,ALHUE,ALHUE
DEL BIOBIO,DISTRITO 21,4,ALTO BIOBIO,ALTO BIOBIO
DEL BIOBIO,DISTRITO 21,4,ALTO BIOBIO,CAUÑICU
DEL BIOBIO,DISTRITO 21,4,ALTO BIOBIO,RALCO LEPOY
DE ATACAMA,DISTRITO 4,4,ALTO DEL CARMEN,ALTO DEL CARMEN
DE ATACAMA,DISTRITO 4,4,ALTO DEL CARMEN,EL TRANSITO
DE ATACAMA,DISTRITO 4,4,ALTO DEL CARMEN,SAN FELIX
DE TARAPACA,DISTRITO 2,3,ALTO HOSPICIO,ALTO HOSPICIO
DE LOS LAGOS,DISTRITO 26,4,ANCUD,ANCUD
DE LOS LAGOS,DISTRITO 26,4,ANCUD,CHACAO
DE LOS LAGOS,DISTRITO 26,4,ANCUD,PILLUCO
DE COQUIMBO,DISTRITO 5,6,ANDACOLLO,ANDACOLLO
DE LA ARAUCANIA,DISTRITO 22,3,ANGOL,ANGOL
DE LA ARAUCANIA,DISTRITO 22,3,ANGOL,HUEQUEN
DE ANTOFAGASTA,DISTRITO 3,4,ANTOFAGASTA,ANTOFAGASTA NORTE
DE ANTOFAGASTA,DISTRITO 3,4,ANTOFAGASTA,ANTOFAGASTA SUR
DEL BIOBIO,DISTRITO 21,4,ANTUCO,ANTUCO
DEL BIOBIO,DISTRITO 21,4,ARAUCO,ARAUCO
DEL BIOBIO,DISTRITO 21,4,ARAUCO,CARAMPANGUE
DEL BIOBIO,DISTRITO 21,4,ARAUCO,LARAQUETE
DEL BIOBIO,DISTRITO 21,4,ARAUCO,LLICO
DEL BIOBIO,DISTRITO 21,4,ARAUCO,PUNTA LAVAPIE
DEL BIOBIO,DISTRITO 21,4,ARAUCO,RAMADILLAS
DEL BIOBIO,DISTRITO 21,4,ARAUCO,TUBUL
DE ARICA Y PARINACOTA,DISTRITO 1,3,ARICA,ARICA
DE ARICA Y PARINACOTA,DISTRITO 1,3,ARICA,ARICA NORTE
DE ARICA Y PARINACOTA,DISTRITO 1,3,ARICA,SAN MIGUEL DE AZAPA
DE ARICA Y PARINACOTA,DISTRITO 1,3,ARICA,SECTOR EX BARRIO INDUSTRIAL DE ARICA
DE AYSEN DEL GENERAL CARLOS IBAÑEZ DEL CAMPO,DISTRITO 27,3,AYSEN,AISEN
DE AYSEN DEL GENERAL CARLOS IBAÑEZ DEL CAMPO,DISTRITO 27,3,AYSEN,MAÑIHUALES
DE AYSEN DEL GENERAL CARLOS IBAÑEZ DEL CAMPO,DISTRITO 27,3,AYSEN,PUERTO AGUIRRE
DE AYSEN DEL GENERAL CARLOS IBAÑEZ DEL CAMPO,DISTRITO 27,3,AYSEN,PUERTO CHACABUCO
METROPOLITANA DE SANTIAGO,DISTRITO 14,5,BUIN,ALTO JAHUEL
METROPOLITANA DE SANTIAGO,DISTRITO 14,5,BUIN,BUIN
METROPOLITANA DE SANTIAGO,DISTRITO 14,5,BUIN,VALDIVIA DE PAINE
DE ÑUBLE,DISTRITO 19,5,BULNES,BULNES
DE ÑUBLE,DISTRITO 19,5,BULNES,SANTA CLARA
DE VALPARAISO,DISTRITO 6,8,CABILDO,CABILDO
DE MAGALLANES Y DE LA ANTARTICA CHILENA,DISTRITO 28,3,CABO DE HORNOS(EX-NAVARINO) Y ANTARTICA,ANTARTICA
DE MAGALLANES Y DE LA ANTARTICA CHILENA,DISTRITO 28,3,CABO DE HORNOS(EX-NAVARINO) Y ANTARTICA,CABO DE HORNOS (NAVARINO)
DEL BIOBIO,DISTRITO 21,4,CABRERO,CABRERO
DEL BIOBIO,DISTRITO 21,4,CABRERO,MONTE AGUILA
DE ANTOFAGASTA,DISTRITO 3,4,CALAMA,CALAMA
DE ANTOFAGASTA,DISTRITO 3,4,CALAMA,CHIU CHIU
DE ANTOFAGASTA,DISTRITO 3,4,CALAMA,CHUQUICAMATA
DE LOS LAGOS,DISTRITO 26,4,CALBUCO,CALBUCO
DE LOS LAGOS,DISTRITO 26,4,CALBUCO,COLACO
DE LOS LAGOS,DISTRITO 26,4,CALBUCO,ISLA GUAR
DE LOS LAGOS,DISTRITO 26,4,CALBUCO,ISLA PULUQUI
DE LOS LAGOS,DISTRITO 26,4,CALBUCO,PARGUA
DE ATACAMA,DISTRITO 4,4,CALDERA,CALDERA
DE VALPARAISO,DISTRITO 6,8,CALERA,CALERA
METROPOLITANA DE SANTIAGO,DISTRITO 14,5,CALERA DE TANGO,CALERA DE TANGO
DE VALPARAISO,DISTRITO 6,8,CALLE LARGA,CALLE LARGA
DE ARICA Y PARINACOTA,DISTRITO 1,3,CAMARONES,CAMARONES
DE ARICA Y PARINACOTA,DISTRITO 1,3,CAMARONES,CODPA
DE TARAPACA,DISTRITO 2,3,CAMIÑA,CAMIÑA
DE COQUIMBO,DISTRITO 5,6,CANELA,CANELA (CANELA BAJA)
DE COQUIMBO,DISTRITO 5,6,CANELA,MINCHA
DEL BIOBIO,DISTRITO 21,4,CAÑETE,CAÑETE
DE LA ARAUCANIA,DISTRITO 23,6,CARAHUE,CARAHUE
DE LA ARAUCANIA,DISTRITO 23,6,CARAHUE,NEHUENTUE
DE LA ARAUCANIA,DISTRITO 23,6,CARAHUE,TROVOLHUE
DE VALPARAISO,DISTRITO 7,7,CARTAGENA,CARTAGENA
DE VALPARAISO,DISTRITO 7,7,CASABLANCA,CASABLANCA
DE LOS LAGOS,DISTRITO 26,4,CASTRO,CASTRO
DE LOS LAGOS,DISTRITO 26,4,CASTRO,CASTRO SUR
DE LOS LAGOS,DISTRITO 26,4,CASTRO,QUEHUI
DE LOS LAGOS,DISTRITO 26,4,CASTRO,RILAN
DE VALPARAISO,DISTRITO 6,8,CATEMU,CATEMU
DEL MAULE,DISTRITO 18,4,CAUQUENES,CAUQUENES
DEL MAULE,DISTRITO 18,4,CAUQUENES,POCILLAS
DEL MAULE,DISTRITO 18,4,CAUQUENES,SAUZAL
METROPOLITANA DE SANTIAGO,DISTRITO 8,7,CERRILLOS,CERRILLOS
METROPOLITANA DE SANTIAGO,DISTRITO 9,6,CERRO NAVIA,CERRO NAVIA
DE LOS LAGOS,DISTRITO 26,4,CHAITEN,AYACARA
DE LOS LAGOS,DISTRITO 26,4,CHAITEN,CHAITEN
DE LOS LAGOS,DISTRITO 26,4,CHAITEN,VILLA SANTA LUCIA
DE ATACAMA,DISTRITO 4,4,CHAÑARAL,CHANCO
DEL MAULE,DISTRITO 18,4,CHANCO,CHAÑARAL
DEL LIBERTADOR GENERAL BERNARDO O'HIGGINS,DISTRITO 16,4,CHEPICA,CHEPICA
DEL BIOBIO,DISTRITO 20,7,CHIGUAYANTE,CHIGUAYANTE
DE AYSEN DEL GENERAL CARLOS IBAÑEZ DEL CAMPO,DISTRITO 27,3,CHILE CHICO,CHILE CHICO
DE AYSEN DEL GENERAL CARLOS IBAÑEZ DEL CAMPO,DISTRITO 27,3,CHILE CHICO,PUERTO GUADAL
DE ÑUBLE,DISTRITO 19,5,CHILLAN,CHILLAN
DE ÑUBLE,DISTRITO 19,5,CHILLAN,QUINCHAMALI
DE ÑUBLE,DISTRITO 19,5,CHILLAN VIEJO,CHILLAN VIEJO
DE ÑUBLE,DISTRITO 19,5,CHILLAN VIEJO,RUCAPEQUEN
DEL LIBERTADOR GENERAL BERNARDO O'HIGGINS,DISTRITO 16,4,CHIMBARONGO,CHIMBARONGO
DE LA ARAUCANIA,DISTRITO 23,6,CHOLCHOL,CHOLCHOL
DE LOS LAGOS,DISTRITO 26,4,CHONCHI,CHONCHI
DE LOS LAGOS,DISTRITO 26,4,CHONCHI,CUCAO
DE AYSEN DEL GENERAL CARLOS IBAÑEZ DEL CAMPO,DISTRITO 27,3,CISNES,CISNES
DE AYSEN DEL GENERAL CARLOS IBAÑEZ DEL CAMPO,DISTRITO 27,3,CISNES,CORCOVADO
DE AYSEN DEL GENERAL CARLOS IBAÑEZ DEL CAMPO,DISTRITO 27,3,CISNES,LA JUNTA
DE AYSEN DEL GENERAL CARLOS IBAÑEZ DEL CAMPO,DISTRITO 27,3,CISNES,PUYUHUAPI
DE ÑUBLE,DISTRITO 19,5,COBQUECURA,BUCHUPUREO
DE ÑUBLE,DISTRITO 19,5,COBQUECURA,COBQUECURA
DE LOS LAGOS,DISTRITO 26,4,COCHAMO,COCHAMO
DE LOS LAGOS,DISTRITO 26,4,COCHAMO,LLANADA GRANDE
DE LOS LAGOS,DISTRITO 26,4,COCHAMO,PUELO
DE AYSEN DEL GENERAL CARLOS IBAÑEZ DEL CAMPO,DISTRITO 27,3,COCHRANE,COCHRANE
DEL LIBERTADOR GENERAL BERNARDO O'HIGGINS,DISTRITO 15,5,CODEGUA,CODEGUA
DE ÑUBLE,DISTRITO 19,5,COELEMU,COELEMU
DE ÑUBLE,DISTRITO 19,5,COELEMU,GUARILIHUE
DE ÑUBLE,DISTRITO 19,5,COELEMU,RANGUELMO
DE ÑUBLE,DISTRITO 19,5,COELEMU,VEGAS DE ITATA
DE ÑUBLE,DISTRITO 19,5,COIHUECO,BUSTAMANTE
DE ÑUBLE,DISTRITO 19,5,COIHUECO,COIHUECO
DE ÑUBLE,DISTRITO 19,5,COIHUECO,COIHUECO SUR
DEL LIBERTADOR GENERAL BERNARDO O'HIGGINS,DISTRITO 15,5,COINCO,COINCO
DEL MAULE,DISTRITO 18,4,COLBUN,COLBUN
DE TARAPACA,DISTRITO 2,3,COLCHANE,COLCHANE
METROPOLITANA DE SANTIAGO,DISTRITO 8,7,COLINA,CHICUREO
METROPOLITANA DE SANTIAGO,DISTRITO 8,7,COLINA,COLINA
DE LA ARAUCANIA,DISTRITO 22,3,COLLIPULLI,COLLIPULLI
DE LA ARAUCANIA,DISTRITO 22,3,COLLIPULLI,MININCO
DEL LIBERTADOR GENERAL BERNARDO O'HIGGINS,DISTRITO 15,5,COLTAUCO,COLTAUCO
DE COQUIMBO,DISTRITO 5,6,COMBARBALA,COMBARBALA
DEL BIOBIO,DISTRITO 20,7,CONCEPCION,ANDALIEN
DEL BIOBIO,DISTRITO 20,7,CONCEPCION,CONCEPCION CENTRO
METROPOLITANA DE SANTIAGO,DISTRITO 9,6,CONCHALI,EL CORTIJO
METROPOLITANA DE SANTIAGO,DISTRITO 9,6,CONCHALI,LO NEGRETE
DE VALPARAISO,DISTRITO 7,7,CONCON,CONCON
DEL MAULE,DISTRITO 17,7,CONSTITUCION,CONSTITUCION
DEL MAULE,DISTRITO 17,7,CONSTITUCION,COSTA BLANCA
DEL MAULE,DISTRITO 17,7,CONSTITUCION,PUTU
DEL MAULE,DISTRITO 17,7,CONSTITUCION,SANTA OLGA
DEL BIOBIO,DISTRITO 21,4,CONTULMO,CONTULMO
DE ATACAMA,DISTRITO 4,4,COPIAPO,COPIAPO
DE ATACAMA,DISTRITO 4,4,COPIAPO,LOS VOLCANES
DE ATACAMA,DISTRITO 4,4,COPIAPO,PAIPOTE
DE ATACAMA,DISTRITO 4,4,COPIAPO,PALOMAR
DE COQUIMBO,DISTRITO 5,6,COQUIMBO,COQUIMBO
DE COQUIMBO,DISTRITO 5,6,COQUIMBO,TIERRAS BLANCAS
DE COQUIMBO,DISTRITO 5,6,COQUIMBO,TONGOY
DEL BIOBIO,DISTRITO 20,7,CORONEL,CORONEL
DEL BIOBIO,DISTRITO 20,7,CORONEL,ISLA SANTA MARIA
DEL BIOBIO,DISTRITO 20,7,CORONEL,LAGUNILLAS
DE LOS RIOS,DISTRITO 24,4,CORRAL,CORRAL
DE LOS RIOS,DISTRITO 24,4,CORRAL,ISLA DEL REY
DE AYSEN DEL GENERAL CARLOS IBAÑEZ DEL CAMPO,DISTRITO 27,3,COYHAIQUE,BALMACEDA
DE AYSEN DEL GENERAL CARLOS IBAÑEZ DEL CAMPO,DISTRITO 27,3,COYHAIQUE,COYHAIQUE
DE AYSEN DEL GENERAL CARLOS IBAÑEZ DEL CAMPO,DISTRITO 27,3,COYHAIQUE,ÑIREHUAO
DE AYSEN DEL GENERAL CARLOS IBAÑEZ DEL CAMPO,DISTRITO 27,3,COYHAIQUE,VALLE SIMPSON
DE AYSEN DEL GENERAL CARLOS IBAÑEZ DEL CAMPO,DISTRITO 27,3,COYHAIQUE,VILLA ORTEGA
DE LA ARAUCANIA,DISTRITO 23,6,CUNCO,CUNCO
DE LA ARAUCANIA,DISTRITO 23,6,CUNCO,LOS LAURELES
DE LA ARAUCANIA,DISTRITO 22,3,CURACAUTIN,CURACAUTIN
DE LA ARAUCANIA,DISTRITO 22,3,CURACAUTIN,MALALCAHUELLO
METROPOLITANA DE SANTIAGO,DISTRITO 14,5,CURACAVI,CURACAVI
DE LOS LAGOS,DISTRITO 26,4,CURACO DE VELEZ,CURACO DE VELEZ
DEL BIOBIO,DISTRITO 21,4,CURANILAHUE,CURANILAHUE
DEL BIOBIO,DISTRITO 21,4,CURANILAHUE,SAN JOSE DE COLICO
DE LA ARAUCANIA,DISTRITO 23,6,CURARREHUE,CURARREHUE
DEL MAULE,DISTRITO 17,7,CUREPTO,CUREPTO
DEL MAULE,DISTRITO 17,7,CUREPTO,GUALLECO
DEL MAULE,DISTRITO 17,7,CUREPTO,HUAQUEN
DEL MAULE,DISTRITO 17,7,CURICO,CURICO
DEL MAULE,DISTRITO 17,7,CURICO,LOS NICHES
DEL MAULE,DISTRITO 17,7,CURICO,SARMIENTO
DE LOS LAGOS,DISTRITO 26,4,DALCAHUE,DALCAHUE
DE LOS LAGOS,DISTRITO 26,4,DALCAHUE,TENAUN
DE ATACAMA,DISTRITO 4,4,DIEGO DE ALMAGRO,DIEGO DE ALMAGRO
DE ATACAMA,DISTRITO 4,4,DIEGO DE ALMAGRO,EL SALVADOR
DEL LIBERTADOR GENERAL BERNARDO O'HIGGINS,DISTRITO 15,5,DOÑIHUE,DOÑIHUE
DEL LIBERTADOR GENERAL BERNARDO O'HIGGINS,DISTRITO 15,5,DOÑIHUE,LO MIRANDA
METROPOLITANA DE SANTIAGO,DISTRITO 13,4,EL BOSQUE,CAPITAN AVALOS
METROPOLITANA DE SANTIAGO,DISTRITO 13,4,EL BOSQUE,LUIS CRUZ MARTINEZ
DE ÑUBLE,DISTRITO 19,5,EL CARMEN,EL CARMEN
METROPOLITANA DE SANTIAGO,DISTRITO 14,5,EL MONTE,EL MONTE
DE VALPARAISO,DISTRITO 7,7,EL QUISCO,EL QUISCO
DE VALPARAISO,DISTRITO 7,7,EL TABO,EL TABO
DEL MAULE,DISTRITO 17,7,EMPEDRADO,EMPEDRADO
DE LA ARAUCANIA,DISTRITO 22,3,ERCILLA,ERCILLA
DE LA ARAUCANIA,DISTRITO 22,3,ERCILLA,PAILAHUEQUE
METROPOLITANA DE SANTIAGO,DISTRITO 8,7,ESTACION CENTRAL,ALAMEDA
METROPOLITANA DE SANTIAGO,DISTRITO 8,7,ESTACION CENTRAL,LAS AMERICAS
DEL BIOBIO,DISTRITO 20,7,FLORIDA,COPIULEMU
DEL BIOBIO,DISTRITO 20,7,FLORIDA,FLORIDA
DE LA ARAUCANIA,DISTRITO 23,6,FREIRE,FREIRE
DE LA ARAUCANIA,DISTRITO 23,6,FREIRE,QUEPE
DE LA ARAUCANIA,DISTRITO 23,6,FREIRE,RADAL
DE ATACAMA,DISTRITO 4,4,FREIRINA,FREIRINA
DE LOS LAGOS,DISTRITO 25,3,FRESIA,FRESIA
DE LOS LAGOS,DISTRITO 25,3,FRESIA,TEGUALDA
DE LOS LAGOS,DISTRITO 25,3,FRUTILLAR,CASMA
DE LOS LAGOS,DISTRITO 25,3,FRUTILLAR,FRUTILLAR
DE LOS LAGOS,DISTRITO 26,4,FUTALEUFU,FUTALEUFU
DE LOS RIOS,DISTRITO 24,4,FUTRONO,CURRIÑE
DE LOS RIOS,DISTRITO 24,4,FUTRONO,FUTRONO
DE LOS RIOS,DISTRITO 24,4,FUTRONO,LLIFEN
DE LOS RIOS,DISTRITO 24,4,FUTRONO,NONTUELA
DE LA ARAUCANIA,DISTRITO 22,3,GALVARINO,GALVARINO
DE ARICA Y PARINACOTA,DISTRITO 1,3,GENERAL LAGOS,GENERAL LAGOS
DE LA ARAUCANIA,DISTRITO 23,6,GORBEA,GORBEA
DE LA ARAUCANIA,DISTRITO 23,6,GORBEA,LASTARRIA
DE LA ARAUCANIA,DISTRITO 23,6,GORBEA,QUITRATUE
DEL LIBERTADOR GENERAL BERNARDO O'HIGGINS,DISTRITO 15,5,GRANEROS,GRANEROS
DE AYSEN DEL GENERAL CARLOS IBAÑEZ DEL CAMPO,DISTRITO 27,3,GUAITECAS,GUAITECAS
DE VALPARAISO,DISTRITO 6,8,HIJUELAS,HIJUELAS
DE LOS LAGOS,DISTRITO 26,4,HUALAIHUE,CONTAO
DE LOS LAGOS,DISTRITO 26,4,HUALAIHUE,HUALAIHUE
DE LOS LAGOS,DISTRITO 26,4,HUALAIHUE,HUALAIHUE PUERTO
DE LOS LAGOS,DISTRITO 26,4,HUALAIHUE,ROLECHA
DEL MAULE,DISTRITO 17,7,HUALAÑE,HUALAÑE
DEL MAULE,DISTRITO 17,7,HUALAÑE,LA HUERTA
DEL BIOBIO,DISTRITO 20,7,HUALPEN,HUALPEN
DEL BIOBIO,DISTRITO 20,7,HUALQUI,HUALQUI
DEL BIOBIO,DISTRITO 20,7,HUALQUI,TALCAMAVIDA
DE TARAPACA,DISTRITO 2,3,HUARA,CHIAPA
DE TARAPACA,DISTRITO 2,3,HUARA,HUARA
DE TARAPACA,DISTRITO 2,3,HUARA,PISAGUA
DE TARAPACA,DISTRITO 2,3,HUARA,SAN LORENZO DE TARAPACA
DE ATACAMA,DISTRITO 4,4,HUASCO,HUASCO
METROPOLITANA DE SANTIAGO,DISTRITO 9,6,HUECHURABA,HUECHURABA
METROPOLITANA DE SANTIAGO,DISTRITO 9,6,HUECHURABA,LOS LIBERTADORES
DE COQUIMBO,DISTRITO 5,6,ILLAPEL,ILLAPEL
METROPOLITANA DE SANTIAGO,DISTRITO 9,6,INDEPENDENCIA,INDEPENDENCIA
DE TARAPACA,DISTRITO 2,3,IQUIQUE,CHANAVAYITA
DE TARAPACA,DISTRITO 2,3,IQUIQUE,IQUIQUE
DE TARAPACA,DISTRITO 2,3,IQUIQUE,IQUIQUE SUR
METROPOLITANA DE SANTIAGO,DISTRITO 14,5,ISLA DE MAIPO,ISLA DE MAIPO
DE VALPARAISO,DISTRITO 7,7,ISLA DE PASCUA,ISLA DE PASCUA
DE VALPARAISO,DISTRITO 7,7,JUAN FERNANDEZ,JUAN FERNANDEZ
METROPOLITANA DE SANTIAGO,DISTRITO 13,4,LA CISTERNA,LA CISTERNA
DE VALPARAISO,DISTRITO 6,8,LA CRUZ,LA CRUZ
DEL LIBERTADOR GENERAL BERNARDO O'HIGGINS,DISTRITO 16,4,LA ESTRELLA,LA ESTRELLA
METROPOLITANA DE SANTIAGO,DISTRITO 12,6,LA FLORIDA,BELLAVISTA
METROPOLITANA DE SANTIAGO,DISTRITO 12,6,LA FLORIDA,SAN JOSE DE LA ESTRELLA
METROPOLITANA DE SANTIAGO,DISTRITO 12,6,LA FLORIDA,TRINIDAD
METROPOLITANA DE SANTIAGO,DISTRITO 10,7,LA GRANJA,LA GRANJA
DE COQUIMBO,DISTRITO 5,6,LA HIGUERA,LA HIGUERA
DE VALPARAISO,DISTRITO 6,8,LA LIGUA,LA LIGUA
DE VALPARAISO,DISTRITO 6,8,LA LIGUA,PICHICUY
DE VALPARAISO,DISTRITO 6,8,LA LIGUA,PLAYA LOS MOLLES
METROPOLITANA DE SANTIAGO,DISTRITO 12,6,LA PINTANA,LA PINTANA
METROPOLITANA DE SANTIAGO,DISTRITO 12,6,LA PINTANA,OBSERVATORIO
METROPOLITANA DE SANTIAGO,DISTRITO 11,6,LA REINA,LA REINA
DE COQUIMBO,DISTRITO 5,6,LA SERENA,LA SERENA
DE COQUIMBO,DISTRITO 5,6,LA SERENA,LAS COMPAÑIAS
DE LOS RIOS,DISTRITO 24,4,LA UNION,LA UNION
DE LOS RIOS,DISTRITO 24,4,LA UNION,PUERTO NUEVO
DE LOS RIOS,DISTRITO 24,4,LAGO RANCO,IGNAO
DE LOS RIOS,DISTRITO 24,4,LAGO RANCO,LAGO RANCO
DE LOS RIOS,DISTRITO 24,4,LAGO RANCO,RIÑINAHUE
DE AYSEN DEL GENERAL CARLOS IBAÑEZ DEL CAMPO,DISTRITO 27,3,LAGO VERDE,LA TAPERA
DE AYSEN DEL GENERAL CARLOS IBAÑEZ DEL CAMPO,DISTRITO 27,3,LAGO VERDE,LAGO VERDE
DE AYSEN DEL GENERAL CARLOS IBAÑEZ DEL CAMPO,DISTRITO 27,3,LAGO VERDE,VILLA AMENGUAL
DE MAGALLANES Y DE LA ANTARTICA CHILENA,DISTRITO 28,3,LAGUNA BLANCA,LAGUNA BLANCA
DEL BIOBIO,DISTRITO 21,4,LAJA,LA LAJA
METROPOLITANA DE SANTIAGO,DISTRITO 8,7,LAMPA,BATUCO
METROPOLITANA DE SANTIAGO,DISTRITO 8,7,LAMPA,LAMPA
METROPOLITANA DE SANTIAGO,DISTRITO 8,7,LAMPA,VALLE GRANDE
DE LOS RIOS,DISTRITO 24,4,LANCO,LANCO
DE LOS RIOS,DISTRITO 24,4,LANCO,MALALHUE
DEL LIBERTADOR GENERAL BERNARDO O'HIGGINS,DISTRITO 16,4,LAS CABRAS,LAS CABRAS
DEL LIBERTADOR GENERAL BERNARDO O'HIGGINS,DISTRITO 16,4,LAS CABRAS,LAGO RAPEL (EL MANZANO)
METROPOLITANA DE SANTIAGO,DISTRITO 11,6,LAS CONDES,APOQUINDO
METROPOLITANA DE SANTIAGO,DISTRITO 11,6,LAS CONDES,EL GOLF
DE LA ARAUCANIA,DISTRITO 22,3,LAUTARO,LAUTARO
DE LA ARAUCANIA,DISTRITO 22,3,LAUTARO,PILLANLELBUN
DEL BIOBIO,DISTRITO 21,4,LEBU,ISLA MOCHA
DEL BIOBIO,DISTRITO 21,4,LEBU,LEBU
DEL BIOBIO,DISTRITO 21,4,LEBU,PEHUEN
DEL BIOBIO,DISTRITO 21,4,LEBU,SANTA ROSA
DEL MAULE,DISTRITO 17,7,LICANTEN,ILOCA
DEL MAULE,DISTRITO 17,7,LICANTEN,LICANTEN
DE VALPARAISO,DISTRITO 6,8,LIMACHE,LIMACHE
DEL MAULE,DISTRITO 18,4,LINARES,LINARES
DEL LIBERTADOR GENERAL BERNARDO O'HIGGINS,DISTRITO 16,4,LITUECHE,LITUECHE
DE VALPARAISO,DISTRITO 6,8,LLAILLAY,LLAY-LLAY
DE LOS LAGOS,DISTRITO 25,3,LLANQUIHUE,LLANQUIHUE
METROPOLITANA DE SANTIAGO,DISTRITO 11,6,LO BARNECHEA,LO BARNECHEA
METROPOLITANA DE SANTIAGO,DISTRITO 13,4,LO ESPEJO,ESTACION LO ESPEJO
METROPOLITANA DE SANTIAGO,DISTRITO 13,4,LO ESPEJO,LO VALLEDOR
METROPOLITANA DE SANTIAGO,DISTRITO 9,6,LO PRADO,LO PRADO
DEL LIBERTADOR GENERAL BERNARDO O'HIGGINS,DISTRITO 16,4,LOLOL,LOLOL
DE LA ARAUCANIA,DISTRITO 23,6,LONCOCHE,HUISCAPI
DE LA ARAUCANIA,DISTRITO 23,6,LONCOCHE,LA PAZ
DE LA ARAUCANIA,DISTRITO 23,6,LONCOCHE,LONCOCHE
DEL MAULE,DISTRITO 18,4,LONGAVI,LONGAVI
DE LA ARAUCANIA,DISTRITO 22,3,LONQUIMAY,ICALMA
DE LA ARAUCANIA,DISTRITO 22,3,LONQUIMAY,LIUCURA
DE LA ARAUCANIA,DISTRITO 22,3,LONQUIMAY,LONQUIMAY
DEL BIOBIO,DISTRITO 21,4,LOS ALAMOS,ANTIHUALA
DEL BIOBIO,DISTRITO 21,4,LOS ALAMOS,LOS ALAMOS
DE VALPARAISO,DISTRITO 6,8,LOS ANDES,ALTO ACONCAGUA
DE VALPARAISO,DISTRITO 6,8,LOS ANDES,LOS ANDES
DEL BIOBIO,DISTRITO 21,4,LOS ANGELES,CHACAYAL
DEL BIOBIO,DISTRITO 21,4,LOS ANGELES,LOS ANGELES
DEL BIOBIO,DISTRITO 21,4,LOS ANGELES,MILLANTU
DEL BIOBIO,DISTRITO 21,4,LOS ANGELES,PAILLIHUE
DEL BIOBIO,DISTRITO 21,4,LOS ANGELES,SALTOS DEL LAJA
DEL BIOBIO,DISTRITO 21,4,LOS ANGELES,SAN CARLOS DE PUREN
DEL BIOBIO,DISTRITO 21,4,LOS ANGELES,SANTA FE
DE LOS RIOS,DISTRITO 24,4,LOS LAGOS,ANTILHUE
DE LOS RIOS,DISTRITO 24,4,LOS LAGOS,FOLILCO
DE LOS RIOS,DISTRITO 24,4,LOS LAGOS,LOS LAGOS
DE LOS RIOS,DISTRITO 24,4,LOS LAGOS,RIÑIHUE
DE LOS LAGOS,DISTRITO 25,3,LOS MUERMOS,CAÑITAS
DE LOS LAGOS,DISTRITO 25,3,LOS MUERMOS,LOS MUERMOS
DE LA ARAUCANIA,DISTRITO 22,3,LOS SAUCES,LOS SAUCES
DE COQUIMBO,DISTRITO 5,6,LOS VILOS,CAIMANES
DE COQUIMBO,DISTRITO 5,6,LOS VILOS,LOS VILOS
DE COQUIMBO,DISTRITO 5,6,LOS VILOS,QUILIMARI
DEL BIOBIO,DISTRITO 21,4,LOTA,LOTA
DE LA ARAUCANIA,DISTRITO 22,3,LUMACO,CAPITAN PASTENE
DE LA ARAUCANIA,DISTRITO 22,3,LUMACO,LUMACO
DE LA ARAUCANIA,DISTRITO 22,3,LUMACO,PICHIPELLAHUEN
DEL LIBERTADOR GENERAL BERNARDO O'HIGGINS,DISTRITO 15,5,MACHALI,COYA
DEL LIBERTADOR GENERAL BERNARDO O'HIGGINS,DISTRITO 15,5,MACHALI,MACHALI
METROPOLITANA DE SANTIAGO,DISTRITO 10,7,MACUL,JOSE PEDRO ALESSANDRI
METROPOLITANA DE SANTIAGO,DISTRITO 10,7,MACUL,MACUL
DE LOS RIOS,DISTRITO 24,4,MAFIL,MAFIL
METROPOLITANA DE SANTIAGO,DISTRITO 8,7,MAIPU,CIUDAD SATELITE
METROPOLITANA DE SANTIAGO,DISTRITO 8,7,MAIPU,LOS PAJARITOS
METROPOLITANA DE SANTIAGO,DISTRITO 8,7,MAIPU,MAIPU
METROPOLITANA DE SANTIAGO,DISTRITO 8,7,MAIPU,MAIPU PONIENTE
DEL LIBERTADOR GENERAL BERNARDO O'HIGGINS,DISTRITO 15,5,MALLOA,MALLOA
DEL LIBERTADOR GENERAL BERNARDO O'HIGGINS,DISTRITO 15,5,MALLOA,PELEQUEN
DEL LIBERTADOR GENERAL BERNARDO O'HIGGINS,DISTRITO 16,4,MARCHIGUE,MARCHIGUE
DE ANTOFAGASTA,DISTRITO 3,4,MARIA ELENA,MARIA ELENA
DE ANTOFAGASTA,DISTRITO 3,4,MARIA ELENA,PEDRO DE VALDIVIA
DE ANTOFAGASTA,DISTRITO 3,4,MARIA ELENA,QUILLAGUA
METROPOLITANA DE SANTIAGO,DISTRITO 14,5,MARIA PINTO,MARIA PINTO
DE LOS RIOS,DISTRITO 24,4,MARIQUINA,CIRUELOS
DE LOS RIOS,DISTRITO 24,4,MARIQUINA,MARIQUINA
DE LOS RIOS,DISTRITO 24,4,MARIQUINA,MEHUIN
DE LOS RIOS,DISTRITO 24,4,MARIQUINA,PELCHUQUIN
DEL MAULE,DISTRITO 17,7,MAULE,COLIN
DEL MAULE,DISTRITO 17,7,MAULE,DUAO
DEL MAULE,DISTRITO 17,7,MAULE,MAULE
DE LOS LAGOS,DISTRITO 26,4,MAULLIN,CARELMAPU
DE LOS LAGOS,DISTRITO 26,4,MAULLIN,LA PASADA
DE LOS LAGOS,DISTRITO 26,4,MAULLIN,MAULLIN
DE LOS LAGOS,DISTRITO 26,4,MAULLIN,OLMOPULLI
DE LOS LAGOS,DISTRITO 26,4,MAULLIN,QUENUIR
DE ANTOFAGASTA,DISTRITO 3,4,MEJILLONES,MEJILLONES
DE LA ARAUCANIA,DISTRITO 22,3,MELIPEUCO,MELIPEUCO
METROPOLITANA DE SANTIAGO,DISTRITO 14,5,MELIPILLA,MELIPILLA
DEL MAULE,DISTRITO 17,7,MOLINA,LONTUE
DEL MAULE,DISTRITO 17,7,MOLINA,MOLINA
DEL MAULE,DISTRITO 17,7,MOLINA,TRES ESQUINAS
DE COQUIMBO,DISTRITO 5,6,MONTE PATRIA,CAREN
DE COQUIMBO,DISTRITO 5,6,MONTE PATRIA,CHAÑARAL ALTO
DE COQUIMBO,DISTRITO 5,6,MONTE PATRIA,EL PALQUI
DE COQUIMBO,DISTRITO 5,6,MONTE PATRIA,MONTE PATRIA
DE COQUIMBO,DISTRITO 5,6,MONTE PATRIA,RAPEL
DEL LIBERTADOR GENERAL BERNARDO O'HIGGINS,DISTRITO 15,5,MOSTAZAL,LA PUNTA
DEL LIBERTADOR GENERAL BERNARDO O'HIGGINS,DISTRITO 15,5,MOSTAZAL,MOSTAZAL
DEL BIOBIO,DISTRITO 21,4,MULCHEN,MULCHEN
DEL BIOBIO,DISTRITO 21,4,NACIMIENTO,NACIMIENTO
DEL LIBERTADOR GENERAL BERNARDO O'HIGGINS,DISTRITO 16,4,NANCAGUA,NANCAGUA
DE MAGALLANES Y DE LA ANTARTICA CHILENA,DISTRITO 28,3,NATALES,NATALES
DE MAGALLANES Y DE LA ANTARTICA CHILENA,DISTRITO 28,3,NATALES,PUERTO EDEN
DEL LIBERTADOR GENERAL BERNARDO O'HIGGINS,DISTRITO 16,4,NAVIDAD,NAVIDAD
DEL BIOBIO,DISTRITO 21,4,NEGRETE,COIGUE
DEL BIOBIO,DISTRITO 21,4,NEGRETE,NEGRETE
DE ÑUBLE,DISTRITO 19,5,NINHUE,NINHUE
DE ÑUBLE,DISTRITO 19,5,ÑIQUEN,ÑIQUEN
DE VALPARAISO,DISTRITO 6,8,NOGALES,EL MELON
DE VALPARAISO,DISTRITO 6,8,NOGALES,NOGALES
DE LA ARAUCANIA,DISTRITO 23,6,NUEVA IMPERIAL,NUEVA IMPERIAL
METROPOLITANA DE SANTIAGO,DISTRITO 10,7,ÑUÑOA,ESTADIO NACIONAL
METROPOLITANA DE SANTIAGO,DISTRITO 10,7,ÑUÑOA,PLAZA EGAÑA
METROPOLITANA DE SANTIAGO,DISTRITO 10,7,ÑUÑOA,PLAZA ÑUÑOA
DE AYSEN DEL GENERAL CARLOS IBAÑEZ DEL CAMPO,DISTRITO 27,3,O'HIGGINS,O'HIGGINS
DEL LIBERTADOR GENERAL BERNARDO O'HIGGINS,DISTRITO 15,5,OLIVAR,GULTRO
DEL LIBERTADOR GENERAL BERNARDO O'HIGGINS,DISTRITO 15,5,OLIVAR,OLIVAR (ALTO)
DE ANTOFAGASTA,DISTRITO 3,4,OLLAGUE,OLLAGUE
DE VALPARAISO,DISTRITO 6,8,OLMUE,OLMUE
DE LOS LAGOS,DISTRITO 25,3,OSORNO,CANCURA
DE LOS LAGOS,DISTRITO 25,3,OSORNO,OSORNO
DE LOS LAGOS,DISTRITO 25,3,OSORNO,RAHUE
DE LOS LAGOS,DISTRITO 25,3,OSORNO,RAHUE SUR
DE COQUIMBO,DISTRITO 5,6,OVALLE,BARRAZA
DE COQUIMBO,DISTRITO 5,6,OVALLE,CERRILLOS DE TAMAYA
DE COQUIMBO,DISTRITO 5,6,OVALLE,OVALLE
METROPOLITANA DE SANTIAGO,DISTRITO 14,5,PADRE HURTADO,PADRE HURTADO
DE LA ARAUCANIA,DISTRITO 23,6,PADRE LAS CASAS,PADRE LAS CASAS
DE LA ARAUCANIA,DISTRITO 23,6,PADRE LAS CASAS,SAN RAMON (Padre las Casas)
DE COQUIMBO,DISTRITO 5,6,PAIHUANO,PAIHUANO
DE LOS RIOS,DISTRITO 24,4,PAILLACO,PAILLACO
DE LOS RIOS,DISTRITO 24,4,PAILLACO,PICHIRROPULLI
DE LOS RIOS,DISTRITO 24,4,PAILLACO,REUMEN
METROPOLITANA DE SANTIAGO,DISTRITO 14,5,PAINE,CHAMPA
METROPOLITANA DE SANTIAGO,DISTRITO 14,5,PAINE,HUELQUEN
METROPOLITANA DE SANTIAGO,DISTRITO 14,5,PAINE,PAINE
DE LOS LAGOS,DISTRITO 26,4,PALENA,PALENA
DEL LIBERTADOR GENERAL BERNARDO O'HIGGINS,DISTRITO 16,4,PALMILLA,PALMILLA
DE LOS RIOS,DISTRITO 24,4,PANGUIPULLI,CHOSHUENCO
DE LOS RIOS,DISTRITO 24,4,PANGUIPULLI,COÑARIPE
DE LOS RIOS,DISTRITO 24,4,PANGUIPULLI,LIQUIÑE
DE LOS RIOS,DISTRITO 24,4,PANGUIPULLI,MELEFQUEN
DE LOS RIOS,DISTRITO 24,4,PANGUIPULLI,NELTUME
DE LOS RIOS,DISTRITO 24,4,PANGUIPULLI,PANGUIPULLI
DE VALPARAISO,DISTRITO 6,8,PANQUEHUE,PANQUEHUE
DE VALPARAISO,DISTRITO 6,8,PAPUDO,PAPUDO
DE VALPARAISO,DISTRITO 6,8,PAPUDO,PULLALLY
DEL LIBERTADOR GENERAL BERNARDO O'HIGGINS,DISTRITO 16,4,PAREDONES,BUCALEMU
DEL LIBERTADOR GENERAL BERNARDO O'HIGGINS,DISTRITO 16,4,PAREDONES,PAREDONES
DEL LIBERTADOR GENERAL BERNARDO O'HIGGINS,DISTRITO 16,4,PAREDONES,SAN PEDRO DE ALCANTARA
DEL MAULE,DISTRITO 18,4,PARRAL,ARRAU-MENDEZ
DEL MAULE,DISTRITO 18,4,PARRAL,BUENOS AIRES
DEL MAULE,DISTRITO 18,4,PARRAL,CATILLO
DEL MAULE,DISTRITO 18,4,PARRAL,PARRAL
METROPOLITANA DE SANTIAGO,DISTRITO 13,4,PEDRO AGUIRRE CERDA,P AGUIRRE CERDA N.
METROPOLITANA DE SANTIAGO,DISTRITO 13,4,PEDRO AGUIRRE CERDA,P AGUIRRE CERDA S.
DEL MAULE,DISTRITO 17,7,PELARCO,PELARCO
DEL MAULE,DISTRITO 18,4,PELLUHUE,PELLUHUE
DE ÑUBLE,DISTRITO 19,5,PEMUCO,GENERAL CRUZ
DE ÑUBLE,DISTRITO 19,5,PEMUCO,PEMUCO
METROPOLITANA DE SANTIAGO,DISTRITO 14,5,PEÑAFLOR,CORINTO
METROPOLITANA DE SANTIAGO,DISTRITO 14,5,PEÑAFLOR,PENCAHUE
METROPOLITANA DE SANTIAGO,DISTRITO 14,5,PEÑAFLOR,PENCAHUE-BATUCO
METROPOLITANA DE SANTIAGO,DISTRITO 14,5,PEÑAFLOR,TOCONEY
METROPOLITANA DE SANTIAGO,DISTRITO 11,6,PEÑALOLEN,CONSISTORIAL
METROPOLITANA DE SANTIAGO,DISTRITO 11,6,PEÑALOLEN,PEÑALOLEN
METROPOLITANA DE SANTIAGO,DISTRITO 11,6,PEÑALOLEN,SAN LUIS
DEL MAULE,DISTRITO 17,7,PENCAHUE,PEÑAFLOR
DEL BIOBIO,DISTRITO 20,7,PENCO,LIRQUEN
DEL BIOBIO,DISTRITO 20,7,PENCO,PENCO
DEL LIBERTADOR GENERAL BERNARDO O'HIGGINS,DISTRITO 16,4,PERALILLO,PERALILLO
DE LA ARAUCANIA,DISTRITO 22,3,PERQUENCO,PERQUENCO
DE VALPARAISO,DISTRITO 6,8,PETORCA,CHINCOLCO
DE VALPARAISO,DISTRITO 6,8,PETORCA,PETORCA
DEL LIBERTADOR GENERAL BERNARDO O'HIGGINS,DISTRITO 16,4,PEUMO,PEUMO
DE TARAPACA,DISTRITO 2,3,PICA,PICA
DEL LIBERTADOR GENERAL BERNARDO O'HIGGINS,DISTRITO 16,4,PICHIDEGUA,PICHIDEGUA
DEL LIBERTADOR GENERAL BERNARDO O'HIGGINS,DISTRITO 16,4,PICHILEMU,PICHILEMU
DE ÑUBLE,DISTRITO 19,5,PINTO,PINTO
DE ÑUBLE,DISTRITO 19,5,PINTO,RECINTO
METROPOLITANA DE SANTIAGO,DISTRITO 12,6,PIRQUE,EL PRINCIPAL
METROPOLITANA DE SANTIAGO,DISTRITO 12,6,PIRQUE,PIRQUE
DE LA ARAUCANIA,DISTRITO 23,6,PITRUFQUEN,COMUY
DE LA ARAUCANIA,DISTRITO 23,6,PITRUFQUEN,PITRUFQUEN
DEL LIBERTADOR GENERAL BERNARDO O'HIGGINS,DISTRITO 16,4,PLACILLA,PLACILLA
DE ÑUBLE,DISTRITO 19,5,PORTEZUELO,PORTEZUELO
DE MAGALLANES Y DE LA ANTARTICA CHILENA,DISTRITO 28,3,PORVENIR,PORVENIR
DE TARAPACA,DISTRITO 2,3,POZO ALMONTE,LA TIRANA
DE TARAPACA,DISTRITO 2,3,POZO ALMONTE,MAMIÑA
DE TARAPACA,DISTRITO 2,3,POZO ALMONTE,POZO ALMONTE
DE MAGALLANES Y DE LA ANTARTICA CHILENA,DISTRITO 28,3,PRIMAVERA,PRIMAVERA
METROPOLITANA DE SANTIAGO,DISTRITO 10,7,PROVIDENCIA,PROVIDENCIA
DE VALPARAISO,DISTRITO 6,8,PUCHUNCAVI,PUCHUNCAVI
DE VALPARAISO,DISTRITO 6,8,PUCHUNCAVI,VENTANAS
DE LA ARAUCANIA,DISTRITO 23,6,PUCON,PUCON
METROPOLITANA DE SANTIAGO,DISTRITO 8,7,PUDAHUEL,CIUDAD DE LOS VALLES
METROPOLITANA DE SANTIAGO,DISTRITO 8,7,PUDAHUEL,PUDAHUEL
METROPOLITANA DE SANTIAGO,DISTRITO 8,7,PUDAHUEL,PUDAHUEL SUR
METROPOLITANA DE SANTIAGO,DISTRITO 12,6,PUENTE ALTO,BAJOS DE MENA
METROPOLITANA DE SANTIAGO,DISTRITO 12,6,PUENTE ALTO,PUENTE ALTO
METROPOLITANA DE SANTIAGO,DISTRITO 12,6,PUENTE ALTO,SOTERO DEL RIO
DE LOS LAGOS,DISTRITO 26,4,PUERTO MONTT,ALERCE
DE LOS LAGOS,DISTRITO 26,4,PUERTO MONTT,CHAMIZA
DE LOS LAGOS,DISTRITO 26,4,PUERTO MONTT,CORRENTOSO
DE LOS LAGOS,DISTRITO 26,4,PUERTO MONTT,HUELMO
DE LOS LAGOS,DISTRITO 26,4,PUERTO MONTT,ISLA MAILLEN
DE LOS LAGOS,DISTRITO 26,4,PUERTO MONTT,LA VARA
DE LOS LAGOS,DISTRITO 26,4,PUERTO MONTT,LAS QUEMAS
DE LOS LAGOS,DISTRITO 26,4,PUERTO MONTT,LENCA
DE LOS LAGOS,DISTRITO 26,4,PUERTO MONTT,PUERTO MONTT CENTRO E ISLA TENGLO
DE LOS LAGOS,DISTRITO 26,4,PUERTO MONTT,PUERTO MONTT MIRASOL
DE LOS LAGOS,DISTRITO 26,4,PUERTO MONTT,PUERTO MONTT NORTE
DE LOS LAGOS,DISTRITO 25,3,PUERTO OCTAY,LAS CASCADAS
DE LOS LAGOS,DISTRITO 25,3,PUERTO OCTAY,PUERTO OCTAY
DE LOS LAGOS,DISTRITO 25,3,PUERTO VARAS,ENSENADA
DE LOS LAGOS,DISTRITO 25,3,PUERTO VARAS,NUEVA BRAUNAU
DE LOS LAGOS,DISTRITO 25,3,PUERTO VARAS,PEULLA
DE LOS LAGOS,DISTRITO 25,3,PUERTO VARAS,PUERTO VARAS
DE LOS LAGOS,DISTRITO 25,3,PUERTO VARAS,RALUN
DEL LIBERTADOR GENERAL BERNARDO O'HIGGINS,DISTRITO 16,4,PUMANQUE,PUMANQUE
DE COQUIMBO,DISTRITO 5,6,PUNITAQUI,PUNITAQUI
DE MAGALLANES Y DE LA ANTARTICA CHILENA,DISTRITO 28,3,PUNTA ARENAS,PUNTA ARENAS
DE LOS LAGOS,DISTRITO 26,4,PUQUELDON,PUQUELDON
DE LA ARAUCANIA,DISTRITO 22,3,PUREN,PUREN
DE LOS LAGOS,DISTRITO 25,3,PURRANQUE,CONCORDIA
DE LOS LAGOS,DISTRITO 25,3,PURRANQUE,CORTE ALTO
DE LOS LAGOS,DISTRITO 25,3,PURRANQUE,HUEYUSCA
DE LOS LAGOS,DISTRITO 25,3,PURRANQUE,PURRANQUE
DE VALPARAISO,DISTRITO 6,8,PUTAENDO,PUTAENDO
DE ARICA Y PARINACOTA,DISTRITO 1,3,PUTRE,BELEN
DE ARICA Y PARINACOTA,DISTRITO 1,3,PUTRE,PUTRE
DE LOS LAGOS,DISTRITO 25,3,PUYEHUE,PUYEHUE (ENTRE LAGOS)
DE LOS LAGOS,DISTRITO 26,4,QUEILEN,QUEILEN
DE LOS LAGOS,DISTRITO 26,4,QUELLON,MOLULCO
DE LOS LAGOS,DISTRITO 26,4,QUELLON,QUELLON
DE LOS LAGOS,DISTRITO 26,4,QUEMCHI,LLIUCO
DE LOS LAGOS,DISTRITO 26,4,QUEMCHI,MECHUQUE
DE LOS LAGOS,DISTRITO 26,4,QUEMCHI,METAHUE
DE LOS LAGOS,DISTRITO 26,4,QUEMCHI,MONTEMAR
DE LOS LAGOS,DISTRITO 26,4,QUEMCHI,QUEMCHI
DEL BIOBIO,DISTRITO 21,4,QUILACO,QUILACO
METROPOLITANA DE SANTIAGO,DISTRITO 8,7,QUILICURA,QUILICURA
DEL BIOBIO,DISTRITO 21,4,QUILLECO,LAS CANTERAS
DEL BIOBIO,DISTRITO 21,4,QUILLECO,QUILLECO
DE ÑUBLE,DISTRITO 19,5,QUILLON,CERRO NEGRO
DE ÑUBLE,DISTRITO 19,5,QUILLON,QUILLON
DE VALPARAISO,DISTRITO 6,8,QUILLOTA,QUILLOTA
DE VALPARAISO,DISTRITO 6,8,QUILLOTA,SAN PEDRO DE QUILLOTA
DE VALPARAISO,DISTRITO 6,8,QUILPUE,EL BELLOTO
DE VALPARAISO,DISTRITO 6,8,QUILPUE,LOS MOLLES
DE VALPARAISO,DISTRITO 6,8,QUILPUE,QUILPUE
DE LOS LAGOS,DISTRITO 26,4,QUINCHAO,APIAO
DE LOS LAGOS,DISTRITO 26,4,QUINCHAO,CHAULINEC
DE LOS LAGOS,DISTRITO 26,4,QUINCHAO,MEULIN
DE LOS LAGOS,DISTRITO 26,4,QUINCHAO,QUENAC
DE LOS LAGOS,DISTRITO 26,4,QUINCHAO,QUINCHAO (ACHAO)
DEL LIBERTADOR GENERAL BERNARDO O'HIGGINS,DISTRITO 15,5,QUINTA DE TILCOCO,QUINTA DE TILCOCO
METROPOLITANA DE SANTIAGO,DISTRITO 9,6,QUINTA NORMAL,QUINTA NORMAL
DE VALPARAISO,DISTRITO 6,8,QUINTERO,QUINTERO
DE ÑUBLE,DISTRITO 19,5,QUIRIHUE,QUIRIHUE
DEL LIBERTADOR GENERAL BERNARDO O'HIGGINS,DISTRITO 15,5,RANCAGUA,RANCAGUA
DEL LIBERTADOR GENERAL BERNARDO O'HIGGINS,DISTRITO 15,5,RANCAGUA,RANCAGUA ORIENTE
DE ÑUBLE,DISTRITO 19,5,RANQUIL,RANQUIL (ÑIPAS)
DEL MAULE,DISTRITO 17,7,RAUCO,RAUCO
METROPOLITANA DE SANTIAGO,DISTRITO 9,6,RECOLETA,RECOLETA NORTE
METROPOLITANA DE SANTIAGO,DISTRITO 9,6,RECOLETA,RECOLETA SUR
DE LA ARAUCANIA,DISTRITO 22,3,RENAICO,RENAICO
DE LA ARAUCANIA,DISTRITO 22,3,RENAICO,TIJERAL
METROPOLITANA DE SANTIAGO,DISTRITO 9,6,RENCA,RENCA
DEL LIBERTADOR GENERAL BERNARDO O'HIGGINS,DISTRITO 15,5,RENGO,ESMERALDA
DEL LIBERTADOR GENERAL BERNARDO O'HIGGINS,DISTRITO 15,5,RENGO,RENGO
DEL LIBERTADOR GENERAL BERNARDO O'HIGGINS,DISTRITO 15,5,RENGO,ROSARIO
DEL LIBERTADOR GENERAL BERNARDO O'HIGGINS,DISTRITO 15,5,REQUINOA,LOS LIRIOS
DEL LIBERTADOR GENERAL BERNARDO O'HIGGINS,DISTRITO 15,5,REQUINOA,REQUINOA
DEL MAULE,DISTRITO 18,4,RETIRO,RETIRO
DE VALPARAISO,DISTRITO 6,8,RINCONADA,RINCONADA
DE LOS RIOS,DISTRITO 24,4,RIO BUENO,CAYURRUCA
DE LOS RIOS,DISTRITO 24,4,RIO BUENO,CRUCERO
DE LOS RIOS,DISTRITO 24,4,RIO BUENO,MANTILHUE
DE LOS RIOS,DISTRITO 24,4,RIO BUENO,RIO BUENO
DEL MAULE,DISTRITO 17,7,RIO CLARO,RIO CLARO (CUMPEO)
DE COQUIMBO,DISTRITO 5,6,RIO HURTADO,HURTADO
DE COQUIMBO,DISTRITO 5,6,RIO HURTADO,RIO HURTADO (SAMO ALTO)
DE AYSEN DEL GENERAL CARLOS IBAÑEZ DEL CAMPO,DISTRITO 27,3,RIO IBAÑEZ,BAHIA MURTA
DE AYSEN DEL GENERAL CARLOS IBAÑEZ DEL CAMPO,DISTRITO 27,3,RIO IBAÑEZ,RIO IBAÑEZ
DE AYSEN DEL GENERAL CARLOS IBAÑEZ DEL CAMPO,DISTRITO 27,3,RIO IBAÑEZ,RIO TRANQUILO
DE AYSEN DEL GENERAL CARLOS IBAÑEZ DEL CAMPO,DISTRITO 27,3,RIO IBAÑEZ,VILLA CERRO CASTILLO
DE LOS LAGOS,DISTRITO 25,3,RIO NEGRO,RIACHUELO
DE LOS LAGOS,DISTRITO 25,3,RIO NEGRO,RIO NEGRO
DE MAGALLANES Y DE LA ANTARTICA CHILENA,DISTRITO 28,3,RIO VERDE,RIO VERDE
DEL MAULE,DISTRITO 17,7,ROMERAL,ROMERAL
DE LA ARAUCANIA,DISTRITO 23,6,SAAVEDRA,PUERTO DOMINGUEZ
DE LA ARAUCANIA,DISTRITO 23,6,SAAVEDRA,SAAVEDRA
DEL MAULE,DISTRITO 17,7,SAGRADA FAMILIA,SAGRADA FAMILIA
DEL MAULE,DISTRITO 17,7,SAGRADA FAMILIA,VILLA PRAT
DE COQUIMBO,DISTRITO 5,6,SALAMANCA,CHELLEPIN
DE COQUIMBO,DISTRITO 5,6,SALAMANCA,SALAMANCA
DE VALPARAISO,DISTRITO 7,7,SAN ANTONIO,CUNCUMEN
DE VALPARAISO,DISTRITO 7,7,SAN ANTONIO,SAN ANTONIO
METROPOLITANA DE SANTIAGO,DISTRITO 14,5,SAN BERNARDO,LO HERRERA
METROPOLITANA DE SANTIAGO,DISTRITO 14,5,SAN BERNARDO,SAN BERNARDO
DE ÑUBLE,DISTRITO 19,5,SAN CARLOS,CACHAPOAL
DE ÑUBLE,DISTRITO 19,5,SAN CARLOS,SAN CARLOS
DEL MAULE,DISTRITO 17,7,SAN CLEMENTE,SAN CLEMENTE
DEL MAULE,DISTRITO 17,7,SAN CLEMENTE,VILCHES
DE VALPARAISO,DISTRITO 6,8,SAN ESTEBAN,RIO COLORADO
DE VALPARAISO,DISTRITO 6,8,SAN ESTEBAN,SAN ESTEBAN
DE ÑUBLE,DISTRITO 19,5,SAN FABIAN,SAN FABIAN
DE VALPARAISO,DISTRITO 6,8,SAN FELIPE,SAN FELIPE
DEL LIBERTADOR GENERAL BERNARDO O'HIGGINS,DISTRITO 16,4,SAN FERNANDO,PUENTE NEGRO
DEL LIBERTADOR GENERAL BERNARDO O'HIGGINS,DISTRITO 16,4,SAN FERNANDO,SAN FERNANDO
DE MAGALLANES Y DE LA ANTARTICA CHILENA,DISTRITO 28,3,SAN GREGORIO,SAN GREGORIO
DE ÑUBLE,DISTRITO 19,5,SAN IGNACIO,PUEBLO SECO
DE ÑUBLE,DISTRITO 19,5,SAN IGNACIO,SAN IGNACIO
DEL MAULE,DISTRITO 18,4,SAN JAVIER,HUERTA DEL MAULE
DEL MAULE,DISTRITO 18,4,SAN JAVIER,MELOZAL
DEL MAULE,DISTRITO 18,4,SAN JAVIER,NIRIVILO
DEL MAULE,DISTRITO 18,4,SAN JAVIER,SAN JAVIER
METROPOLITANA DE SANTIAGO,DISTRITO 10,7,SAN JOAQUIN,SAN JOAQUIN
METROPOLITANA DE SANTIAGO,DISTRITO 12,6,SAN JOSE DE MAIPO,SAN JOSE DE MAIPO
DE LOS LAGOS,DISTRITO 25,3,SAN JUAN DE LA COSTA,BAHIA MANSA
DE LOS LAGOS,DISTRITO 25,3,SAN JUAN DE LA COSTA,MISION DE LA COSTA
DE LOS LAGOS,DISTRITO 25,3,SAN JUAN DE LA COSTA,SAN JUAN DE LA COSTA
METROPOLITANA DE SANTIAGO,DISTRITO 13,4,SAN MIGUEL,SAN MIGUEL
DE ÑUBLE,DISTRITO 19,5,SAN NICOLAS,PUENTE ÑUBLE
DE ÑUBLE,DISTRITO 19,5,SAN NICOLAS,SAN NICOLAS
DE LOS LAGOS,DISTRITO 25,3,SAN PABLO,QUILACAHUIN
DE LOS LAGOS,DISTRITO 25,3,SAN PABLO,SAN PABLO
METROPOLITANA DE SANTIAGO,DISTRITO 14,5,SAN PEDRO,SAN PEDRO
DE ANTOFAGASTA,DISTRITO 3,4,SAN PEDRO DE ATACAMA,SAN PEDRO DE ATACAMA
DEL BIOBIO,DISTRITO 20,7,SAN PEDRO DE LA PAZ,LOMAS COLORADAS
DEL BIOBIO,DISTRITO 20,7,SAN PEDRO DE LA PAZ,SAN PEDRO DE LA PAZ
DEL MAULE,DISTRITO 17,7,SAN RAFAEL,SAN RAFAEL
METROPOLITANA DE SANTIAGO,DISTRITO 13,4,SAN RAMON,SAN RAMON
DEL BIOBIO,DISTRITO 21,4,SAN ROSENDO,SAN ROSENDO
DEL LIBERTADOR GENERAL BERNARDO O'HIGGINS,DISTRITO 16,4,SAN VICENTE,EL TAMBO
DEL LIBERTADOR GENERAL BERNARDO O'HIGGINS,DISTRITO 16,4,SAN VICENTE,SAN VICENTE
DEL LIBERTADOR GENERAL BERNARDO O'HIGGINS,DISTRITO 16,4,SAN VICENTE,ZUÑIGA
DEL BIOBIO,DISTRITO 21,4,SANTA BARBARA,SANTA BARBARA
DEL LIBERTADOR GENERAL BERNARDO O'HIGGINS,DISTRITO 16,4,SANTA CRUZ,SANTA CRUZ
DEL BIOBIO,DISTRITO 20,7,SANTA JUANA,SANTA JUANA
DE VALPARAISO,DISTRITO 6,8,SANTA MARIA,SANTA MARIA
METROPOLITANA DE SANTIAGO,DISTRITO 10,7,SANTIAGO,EL CENTRO
METROPOLITANA DE SANTIAGO,DISTRITO 10,7,SANTIAGO,PARQUE ALMAGRO
METROPOLITANA DE SANTIAGO,DISTRITO 10,7,SANTIAGO,PARQUE O'HIGGINS
DE VALPARAISO,DISTRITO 7,7,SANTO DOMINGO,SANTO DOMINGO
DE ANTOFAGASTA,DISTRITO 3,4,SIERRA GORDA,SIERRA GORDA
DE ANTOFAGASTA,DISTRITO 3,4,SIERRA GORDA,SIERRA GORDA NORTE
METROPOLITANA DE SANTIAGO,DISTRITO 14,5,TALAGANTE,TALAGANTE
DEL MAULE,DISTRITO 17,7,TALCA,TALCA
DEL BIOBIO,DISTRITO 20,7,TALCAHUANO,LOS CERROS
DEL BIOBIO,DISTRITO 20,7,TALCAHUANO,MEDIO CAMINO
DEL BIOBIO,DISTRITO 20,7,TALCAHUANO,TALCAHUANO
DE ANTOFAGASTA,DISTRITO 3,4,TALTAL,TALTAL
DE LA ARAUCANIA,DISTRITO 23,6,TEMUCO,CERRO ÑIELOL
DE LA ARAUCANIA,DISTRITO 23,6,TEMUCO,FUNDO EL CARMEN
DE LA ARAUCANIA,DISTRITO 23,6,TEMUCO,LABRANZA
DE LA ARAUCANIA,DISTRITO 23,6,TEMUCO,PEDRO DE VALDIVIA (TEMUCO)
DE LA ARAUCANIA,DISTRITO 23,6,TEMUCO,TEMUCO CENTRO
DE LA ARAUCANIA,DISTRITO 23,6,TEMUCO,TEMUCO NORTE
DE LA ARAUCANIA,DISTRITO 23,6,TEMUCO,TEMUCO SUR
DEL MAULE,DISTRITO 17,7,TENO,TENO
DE LA ARAUCANIA,DISTRITO 23,6,TEODORO SCHMIDT,BARROS ARANA
DE LA ARAUCANIA,DISTRITO 23,6,TEODORO SCHMIDT,HUALPIN
DE LA ARAUCANIA,DISTRITO 23,6,TEODORO SCHMIDT,TEODORO SCHMIDT
DE ATACAMA,DISTRITO 4,4,TIERRA AMARILLA,LOS LOROS
DE ATACAMA,DISTRITO 4,4,TIERRA AMARILLA,TIERRA AMARILLA
METROPOLITANA DE SANTIAGO,DISTRITO 8,7,TILTIL,HUERTOS FAMILIARES
METROPOLITANA DE SANTIAGO,DISTRITO 8,7,TILTIL,TILTIL
DE MAGALLANES Y DE LA ANTARTICA CHILENA,DISTRITO 28,3,TIMAUKEL,TIMAUKEL
DEL BIOBIO,DISTRITO 21,4,TIRUA,TIRUA
DE ANTOFAGASTA,DISTRITO 3,4,TOCOPILLA,TOCOPILLA
DE LA ARAUCANIA,DISTRITO 23,6,TOLTEN,NUEVA TOLTEN
DE LA ARAUCANIA,DISTRITO 23,6,TOLTEN,QUEULE
DEL BIOBIO,DISTRITO 20,7,TOME,DICHATO
DEL BIOBIO,DISTRITO 20,7,TOME,RAFAEL
DEL BIOBIO,DISTRITO 20,7,TOME,TOME
DE MAGALLANES Y DE LA ANTARTICA CHILENA,DISTRITO 28,3,TORRES DEL PAINE,TORRES DEL PAINE (C. CASTILLO)
DE AYSEN DEL GENERAL CARLOS IBAÑEZ DEL CAMPO,DISTRITO 27,3,TORTEL,TORTEL
DE LA ARAUCANIA,DISTRITO 22,3,TRAIGUEN,TRAIGUEN
DE ÑUBLE,DISTRITO 19,5,TREHUACO,TREGUACO
DEL BIOBIO,DISTRITO 21,4,TUCAPEL,POLCURA
DEL BIOBIO,DISTRITO 21,4,TUCAPEL,TRUPAN
DEL BIOBIO,DISTRITO 21,4,TUCAPEL,TUCAPEL
DEL BIOBIO,DISTRITO 21,4,TUCAPEL,TUCAPEL (HUEPIL)
DE LOS RIOS,DISTRITO 24,4,VALDIVIA,LAS ANIMAS
DE LOS RIOS,DISTRITO 24,4,VALDIVIA,NIEBLA
DE LOS RIOS,DISTRITO 24,4,VALDIVIA,VALDIVIA
DE ATACAMA,DISTRITO 4,4,VALLENAR,DOMEYKO
DE ATACAMA,DISTRITO 4,4,VALLENAR,VALLENAR
DE VALPARAISO,DISTRITO 7,7,VALPARAISO,BARON
DE VALPARAISO,DISTRITO 7,7,VALPARAISO,EL PUERTO
DE VALPARAISO,DISTRITO 7,7,VALPARAISO,LAGUNA VERDE
DE VALPARAISO,DISTRITO 7,7,VALPARAISO,PLACILLA DE PEÑUELAS
DE VALPARAISO,DISTRITO 7,7,VALPARAISO,PLAYA ANCHA
DEL MAULE,DISTRITO 17,7,VICHUQUEN,LLICO DE MATAQUITO
DEL MAULE,DISTRITO 17,7,VICHUQUEN,VICHUQUEN
DE LA ARAUCANIA,DISTRITO 22,3,VICTORIA,PUA
DE LA ARAUCANIA,DISTRITO 22,3,VICTORIA,QUINO
DE LA ARAUCANIA,DISTRITO 22,3,VICTORIA,SELVA OBSCURA
DE LA ARAUCANIA,DISTRITO 22,3,VICTORIA,VICTORIA
DE COQUIMBO,DISTRITO 5,6,VICUÑA,VICUÑA
DE LA ARAUCANIA,DISTRITO 22,3,VILCUN,CAJON
DE LA ARAUCANIA,DISTRITO 22,3,VILCUN,CHERQUENCO
DE LA ARAUCANIA,DISTRITO 22,3,VILCUN,VILCUN
DEL MAULE,DISTRITO 18,4,VILLA ALEGRE,VILLA ALEGRE
DE VALPARAISO,DISTRITO 6,8,VILLA ALEMANA,VILLA ALEMANA
DE LA ARAUCANIA,DISTRITO 23,6,VILLARRICA,LICAN-RAY
DE LA ARAUCANIA,DISTRITO 23,6,VILLARRICA,ÑANCUL
DE LA ARAUCANIA,DISTRITO 23,6,VILLARRICA,VILLARRICA
DE VALPARAISO,DISTRITO 7,7,VIÑA DEL MAR,AGUA SANTA
DE VALPARAISO,DISTRITO 7,7,VIÑA DEL MAR,FORESTAL
DE VALPARAISO,DISTRITO 7,7,VIÑA DEL MAR,MIRAFLORES
DE VALPARAISO,DISTRITO 7,7,VIÑA DEL MAR,REÑACA BAJO
DE VALPARAISO,DISTRITO 7,7,VIÑA DEL MAR,SAUSALITO
METROPOLITANA DE SANTIAGO,DISTRITO 11,6,VITACURA,VITACURA
DEL MAULE,DISTRITO 18,4,YERBAS BUENAS,ORILLA DEL MAULE
DEL MAULE,DISTRITO 18,4,YERBAS BUENAS,YERBAS BUENAS
DEL BIOBIO,DISTRITO 21,4,YUMBEL,RERE
DEL BIOBIO,DISTRITO 21,4,YUMBEL,RIO CLARO
DEL BIOBIO,DISTRITO 21,4,YUMBEL,TOMECO
DEL BIOBIO,DISTRITO 21,4,YUMBEL,YUMBEL
DEL BIOBIO,DISTRITO 21,4,YUMBEL,YUMBEL ESTACION
DE ÑUBLE,DISTRITO 19,5,YUNGAY,CAMPANARIO
DE ÑUBLE,DISTRITO 19,5,YUNGAY,YUNGAY
DE VALPARAISO,DISTRITO 6,8,ZAPALLAR,CATAPILCO
DE VALPARAISO,DISTRITO 6,8,ZAPALLAR,ZAPALLAR
